{"se": 0.4579668686349092, "ei": 0.22341800651785204, "si": 0.3780214636320589, "ir": 0.04595967745435468, "id": 0.0010401240332808873}